1,主人公,ビーフ
2,主人公,サーモン
3,名無し,入力してください
4,名無し,入力してください
5,主人公,omame
6,主人公,牧野
7,名無し,入力してください
8,名無し,入力してください
9,名無し,入力してください
10,名無し,入力してください
11,名無し,入力してください
12,名無し,入力してください
13,名無し,入力してください
14,名無し,入力してください
15,名無し,入力してください
16,名無し,入力してください
17,名無し,入力してください
18,名無し,入力してください
19,名無し,入力してください
20,名無し,入力してください
21,名無し,入力してください
22,名無し,入力してください
23,名無し,入力してください
24,名無し,入力してください
25,名無し,入力してください
26,名無し,入力してください
27,名無し,入力してください
28,名無し,入力してください
29,名無し,入力してください
30,名無し,入力してください
31,名無し,入力してください
32,名無し,入力してください
33,名無し,入力してください
34,名無し,入力してください
35,名無し,入力してください
36,名無し,入力してください
37,名無し,入力してください
38,名無し,入力してください
39,名無し,入力してください
40,名無し,入力してください
41,名無し,入力してください
42,名無し,入力してください
43,名無し,入力してください
44,名無し,入力してください
45,名無し,入力してください
46,名無し,入力してください
47,名無し,入力してください
48,名無し,入力してください
49,名無し,入力してください
50,名無し,入力してください
51,名無し,入力してください
52,名無し,入力してください
53,名無し,入力してください
54,名無し,入力してください
55,名無し,入力してください
56,名無し,入力してください
57,名無し,入力してください
58,名無し,入力してください
59,名無し,入力してください
60,名無し,入力してください
61,名無し,入力してください
62,名無し,入力してください
63,名無し,入力してください
64,名無し,入力してください
65,名無し,入力してください
66,名無し,入力してください
67,名無し,入力してください
68,名無し,入力してください
69,名無し,入力してください
70,名無し,入力してください
71,名無し,入力してください
72,名無し,入力してください
73,名無し,入力してください
74,名無し,入力してください
75,名無し,入力してください
76,名無し,入力してください
77,名無し,入力してください
78,名無し,入力してください
79,名無し,入力してください
80,名無し,入力してください
81,名無し,入力してください
82,名無し,入力してください
83,名無し,入力してください
84,名無し,入力してください
85,名無し,入力してください
86,名無し,入力してください
87,名無し,入力してください
88,名無し,入力してください
89,名無し,入力してください
90,名無し,入力してください
91,名無し,入力してください
92,名無し,入力してください
93,名無し,入力してください
94,名無し,入力してください
95,名無し,入力してください
96,名無し,入力してください
97,名無し,入力してください
98,名無し,入力してください
99,名無し,入力してください
100,名無し,入力してください
101,名無し,入力してください
102,名無し,入力してください
103,名無し,入力してください
104,名無し,入力してください
105,名無し,入力してください
106,名無し,入力してください
107,名無し,入力してください
108,名無し,入力してください
109,名無し,入力してください
110,名無し,入力してください
111,名無し,入力してください
112,名無し,入力してください
113,名無し,入力してください
114,名無し,入力してください
115,名無し,入力してください
116,名無し,入力してください
117,名無し,入力してください
118,名無し,入力してください
119,名無し,入力してください
120,名無し,入力してください
121,名無し,入力してください
122,名無し,入力してください
123,名無し,入力してください
124,名無し,入力してください
125,名無し,入力してください
126,名無し,入力してください
127,名無し,入力してください
128,名無し,入力してください
129,名無し,入力してください
130,名無し,入力してください
131,名無し,入力してください
132,名無し,入力してください
133,名無し,入力してください
134,名無し,入力してください
135,名無し,入力してください
136,名無し,入力してください
137,名無し,入力してください
138,名無し,入力してください
139,名無し,入力してください
140,名無し,入力してください
141,名無し,入力してください
142,名無し,入力してください
143,名無し,入力してください
144,名無し,入力してください
145,名無し,入力してください
146,名無し,入力してください
147,名無し,入力してください
148,名無し,入力してください
149,名無し,入力してください
150,名無し,入力してください
151,名無し,入力してください
152,名無し,入力してください
153,名無し,入力してください
154,名無し,入力してください
155,名無し,入力してください
156,名無し,入力してください
157,名無し,入力してください
158,名無し,入力してください
159,名無し,入力してください
160,名無し,入力してください
161,名無し,入力してください
162,名無し,入力してください
163,名無し,入力してください
164,名無し,入力してください
165,名無し,入力してください
166,名無し,入力してください
167,名無し,入力してください
168,名無し,入力してください
169,名無し,入力してください
170,名無し,入力してください
171,名無し,入力してください
172,名無し,入力してください
173,名無し,入力してください
174,名無し,入力してください
175,名無し,入力してください
176,名無し,入力してください
177,名無し,入力してください
178,名無し,入力してください
179,名無し,入力してください
180,名無し,入力してください
181,名無し,入力してください
182,名無し,入力してください
183,名無し,入力してください
184,名無し,入力してください
185,名無し,入力してください
186,名無し,入力してください
187,名無し,入力してください
188,名無し,入力してください
189,名無し,入力してください
190,名無し,入力してください
191,名無し,入力してください
192,名無し,入力してください
193,名無し,入力してください
194,名無し,入力してください
195,名無し,入力してください
196,名無し,入力してください
197,名無し,入力してください
198,名無し,入力してください
199,名無し,入力してください
200,名無し,入力してください
201,名無し,入力してください
202,名無し,入力してください
203,名無し,入力してください
204,名無し,入力してください
205,名無し,入力してください
206,名無し,入力してください
207,名無し,入力してください
208,名無し,入力してください
209,名無し,入力してください
210,名無し,入力してください
211,名無し,入力してください
212,名無し,入力してください
213,名無し,入力してください
214,名無し,入力してください
215,名無し,入力してください
216,名無し,入力してください
217,名無し,入力してください
218,名無し,入力してください
219,名無し,入力してください
220,名無し,入力してください
221,名無し,入力してください
222,名無し,入力してください
223,名無し,入力してください
224,名無し,入力してください
225,名無し,入力してください
226,名無し,入力してください
227,名無し,入力してください
228,名無し,入力してください
229,名無し,入力してください
230,名無し,入力してください
231,名無し,入力してください
232,名無し,入力してください
233,名無し,入力してください
234,名無し,入力してください
235,名無し,入力してください
236,名無し,入力してください
237,名無し,入力してください
238,名無し,入力してください
239,名無し,入力してください
240,名無し,入力してください
241,名無し,入力してください
242,名無し,入力してください
243,名無し,入力してください
244,名無し,入力してください
245,名無し,入力してください
246,名無し,入力してください
247,名無し,入力してください
248,名無し,入力してください
249,名無し,入力してください
250,名無し,入力してください
251,名無し,入力してください
252,名無し,入力してください
253,名無し,入力してください
254,名無し,入力してください
255,名無し,入力してください
256,名無し,入力してください
257,名無し,入力してください
258,名無し,入力してください
259,名無し,入力してください
260,名無し,入力してください
261,名無し,入力してください
262,名無し,入力してください
263,名無し,入力してください
264,名無し,入力してください
265,名無し,入力してください
266,名無し,入力してください
267,名無し,入力してください
268,名無し,入力してください
269,名無し,入力してください
270,名無し,入力してください
271,名無し,入力してください
272,名無し,入力してください
273,名無し,入力してください
274,名無し,入力してください
275,名無し,入力してください
276,名無し,入力してください
277,名無し,入力してください
278,名無し,入力してください
279,名無し,入力してください
280,名無し,入力してください
281,名無し,入力してください
282,名無し,入力してください
283,名無し,入力してください
284,名無し,入力してください
285,名無し,入力してください
286,名無し,入力してください
287,名無し,入力してください
288,名無し,入力してください
289,名無し,入力してください
290,名無し,入力してください
291,名無し,入力してください
292,名無し,入力してください
293,名無し,入力してください
294,名無し,入力してください
295,名無し,入力してください
296,名無し,入力してください
297,名無し,入力してください
298,名無し,入力してください
299,名無し,入力してください
300,名無し,入力してください
301,名無し,入力してください
302,名無し,入力してください
303,名無し,入力してください
304,名無し,入力してください
305,名無し,入力してください
306,名無し,入力してください
307,名無し,入力してください
308,名無し,入力してください
309,名無し,入力してください
310,名無し,入力してください
311,名無し,入力してください
312,名無し,入力してください
313,名無し,入力してください
314,名無し,入力してください
315,名無し,入力してください
316,名無し,入力してください
317,名無し,入力してください
318,名無し,入力してください
319,名無し,入力してください
320,名無し,入力してください
321,名無し,入力してください
322,名無し,入力してください
323,名無し,入力してください
324,名無し,入力してください
325,名無し,入力してください
326,名無し,入力してください
327,名無し,入力してください
328,名無し,入力してください
329,名無し,入力してください
330,名無し,入力してください
331,名無し,入力してください
332,名無し,入力してください
333,名無し,入力してください
334,名無し,入力してください
335,名無し,入力してください
336,名無し,入力してください
337,名無し,入力してください
338,名無し,入力してください
339,名無し,入力してください
340,名無し,入力してください
341,名無し,入力してください
342,名無し,入力してください
343,名無し,入力してください
344,名無し,入力してください
345,名無し,入力してください
346,名無し,入力してください
347,名無し,入力してください
348,名無し,入力してください
349,名無し,入力してください
350,名無し,入力してください
351,名無し,入力してください
352,名無し,入力してください
353,名無し,入力してください
354,名無し,入力してください
355,名無し,入力してください
356,名無し,入力してください
357,名無し,入力してください
358,名無し,入力してください
359,名無し,入力してください
360,名無し,入力してください
361,名無し,入力してください
362,名無し,入力してください
363,名無し,入力してください
364,名無し,入力してください
365,名無し,入力してください
366,名無し,入力してください
367,名無し,入力してください
368,名無し,入力してください
369,名無し,入力してください
370,名無し,入力してください
371,名無し,入力してください
372,名無し,入力してください
373,名無し,入力してください
374,名無し,入力してください
375,名無し,入力してください
376,名無し,入力してください
377,名無し,入力してください
378,名無し,入力してください
379,名無し,入力してください
380,名無し,入力してください
381,名無し,入力してください
382,名無し,入力してください
383,名無し,入力してください
384,名無し,入力してください
385,名無し,入力してください
386,名無し,入力してください
387,名無し,入力してください
388,名無し,入力してください
389,名無し,入力してください
390,名無し,入力してください
391,名無し,入力してください
392,名無し,入力してください
393,名無し,入力してください
394,名無し,入力してください
395,名無し,入力してください
396,名無し,入力してください
397,名無し,入力してください
398,名無し,入力してください
399,名無し,入力してください
400,名無し,入力してください
401,名無し,入力してください
402,名無し,入力してください
403,名無し,入力してください
404,名無し,入力してください
405,名無し,入力してください
406,名無し,入力してください
407,名無し,入力してください
408,名無し,入力してください
409,名無し,入力してください
410,名無し,入力してください
411,名無し,入力してください
412,名無し,入力してください
413,名無し,入力してください
414,名無し,入力してください
415,名無し,入力してください
416,名無し,入力してください
417,名無し,入力してください
418,名無し,入力してください
419,名無し,入力してください
420,名無し,入力してください
421,名無し,入力してください
422,名無し,入力してください
423,名無し,入力してください
424,名無し,入力してください
425,名無し,入力してください
426,名無し,入力してください
427,名無し,入力してください
428,名無し,入力してください
429,名無し,入力してください
430,名無し,入力してください
431,名無し,入力してください
432,名無し,入力してください
433,名無し,入力してください
434,名無し,入力してください
435,名無し,入力してください
436,名無し,入力してください
437,名無し,入力してください
438,名無し,入力してください
439,名無し,入力してください
440,名無し,入力してください
441,名無し,入力してください
442,名無し,入力してください
443,名無し,入力してください
444,名無し,入力してください
445,名無し,入力してください
446,名無し,入力してください
447,名無し,入力してください
448,名無し,入力してください
449,名無し,入力してください
450,名無し,入力してください
451,名無し,入力してください
452,名無し,入力してください
453,名無し,入力してください
454,名無し,入力してください
455,名無し,入力してください
456,名無し,入力してください
457,名無し,入力してください
458,名無し,入力してください
459,名無し,入力してください
460,名無し,入力してください
461,名無し,入力してください
462,名無し,入力してください
463,名無し,入力してください
464,名無し,入力してください
465,名無し,入力してください
466,名無し,入力してください
467,名無し,入力してください
468,名無し,入力してください
469,名無し,入力してください
470,名無し,入力してください
471,名無し,入力してください
472,名無し,入力してください
473,名無し,入力してください
474,名無し,入力してください
475,名無し,入力してください
476,名無し,入力してください
477,名無し,入力してください
478,名無し,入力してください
479,名無し,入力してください
480,名無し,入力してください
481,名無し,入力してください
482,名無し,入力してください
483,名無し,入力してください
484,名無し,入力してください
485,名無し,入力してください
486,名無し,入力してください
487,名無し,入力してください
488,名無し,入力してください
489,名無し,入力してください
490,名無し,入力してください
491,名無し,入力してください
492,名無し,入力してください
493,名無し,入力してください
494,名無し,入力してください
495,名無し,入力してください
496,名無し,入力してください
497,名無し,入力してください
498,名無し,入力してください
499,名無し,入力してください
500,名無し,入力してください
